time,cell_fraction_regularized
0.0,1.0
0.25,0.9998345959178273
0.5,1.000297727347911
0.75,1.0006946971451256
1.0,1.0011909093916438
1.25,1.002414899599722
1.5,1.0034404049091932
1.75,1.0039366171557114
2.0,1.003605808991366
2.25,1.0031757583777168
2.5,1.0029111118462404
2.75,1.003076515928413
3.0,1.0031095967448478
3.25,1.0031757583777168
3.5,1.0032750008270204
3.75,1.0033411624598896
4.0,1.003374243276324
4.25,1.0025803036818948
4.5,1.001620960005293
4.75,1.0006285355122564
5.0,1.00036388898078
5.25,1.0000330808164346
5.5,0.9994707069370472
5.75,0.9990075755069635
6.0,0.9986436865261835
6.25,0.9989414138740943
6.5,0.9991068179562671
6.75,0.9995368685699163
7.0,1.0002646465314764
7.25,1.0008601012272982
7.5,1.0012570710245128
7.75,1.0018194449039002
8.0,1.0026795461311986
8.25,1.0035396473584968
8.5,1.0037712130735388
8.75,1.004035859605015
9.0,1.004267425320057
9.25,1.0039366171557114
9.5,1.0042012636871878
9.75,1.0043666677693606
10.0,1.0043005061364914
10.25,1.0038042938899732
10.5,1.0031757583777168
10.75,1.0028118693969368
11.0,1.0024810612325912
11.25,1.002051010618942
11.5,1.0018194449039002
11.75,1.0021171722518112
12.0,1.0025803036818948
12.25,1.0029111118462404
12.5,1.003076515928413
12.75,1.0032088391941512
13.0,1.0025472228654602
13.25,1.0019517681696384
13.5,1.0013563134738166
13.75,1.000959343676602
14.0,1.0006946971451256
14.25,1.000297727347911
14.5,1.0004962122465182
14.75,1.00072777796156
15.0,1.0010585861259056
15.25,1.00109166694234
15.5,1.0012901518409474
15.75,1.0014224751066856
16.0,1.0014224751066856
16.25,1.0009924244930364
16.5,1.000661616328691
16.75,1.0003308081643454
17.0,0.9997353534685235
17.25,0.9990737371398325
17.5,0.9987098481590525
17.75,0.9981143934632306
18.0,0.9972873730523668
18.25,0.9964603526415031
18.5,0.9962618677428958
18.75,0.9960633828442885
19.0,0.995368685699163
19.25,0.9952032816169903
19.5,0.9950378775348175
19.75,0.9947401501869065
20.0,0.994409342022561
20.25,0.9940785338582155
20.5,0.9942770187568228
20.75,0.9941777763075192
21.0,0.9939792914089118
21.25,0.9936154024281318
21.5,0.9931522709980481
21.75,0.9925568163022264
22.0,0.9919282807899699
22.25,0.9912335836448444
22.5,0.9906050481325879
22.75,0.9899103509874624
23.0,0.9899765126203314
23.25,0.990009593436766
23.5,0.9903734824175461
23.75,0.9902411591518079
24.0,0.990009593436766
24.25,0.9897780277217242
24.5,0.9888517648615567
24.75,0.9878593403685202
25.0,0.9866684309768764
25.25,0.9856760064838399
25.5,0.9848159052565417
25.75,0.9839888848456779
26.0,0.9832941877005524
26.25,0.9824671672896887
26.5,0.981342419530914
26.75,0.9802176717721393
27.0,0.9790267623804956
27.25,0.9773396407423335
27.5,0.9754209533891296
27.75,0.9736676701180985
28.0,0.9719805484799364
28.25,0.9701941843924708
28.5,0.9684078203050052
28.75,0.9664229713189322
29.0,0.9648681729465083
29.25,0.9633133745740845
29.5,0.962023222733137
29.75,0.9607992325250587
30.0,0.9598398888484567
30.25,0.958715141089682
30.5,0.957094181084389
30.75,0.9555393827119653
31.0,0.9540507459724106
31.25,0.9526944324985941
31.5,0.9513050382083429
31.75,0.9496179165701809
32.0,0.9478646332991498
32.25,0.9463098349267259
32.5,0.9448873598200404
32.75,0.9435310463462238
33.0,0.9421416520559727
33.25,0.940289126335638
33.5,0.9379073075523503
33.75,0.9357901353005392
34.0,0.9340037712130735
34.25,0.9321512454927388
34.5,0.9305633663038804
34.75,0.9286115981342419
35.0,0.9270237189453836
35.25,0.9255020013893942
35.5,0.9235171524033212
35.75,0.9214661417843792
36.0,0.9194151311654372
36.25,0.9175295246286678
36.5,0.9159085646233748
36.75,0.9143206854345165
37.0,0.9130305335935691
37.25,0.9122696748155744
37.5,0.9114426544047106
37.75,0.9103840682788051
38.0,0.9094247246022031
38.25,0.9085646233749048
38.5,0.9076052796983028
38.75,0.9068775017367429
39.0,0.905322703364319
39.25,0.9036686625425915
39.5,0.9017499751893877
39.75,0.8997982070197492
40.0,0.897681034767938
40.25,0.8957623474147343
40.5,0.893942902510834
40.75,0.8920242151576301
41.0,0.8900062853551226
41.25,0.8882199212676568
41.5,0.8864335571801911
41.75,0.8850441628899401
42.0,0.8836878494161237
42.25,0.8821992126765689
42.5,0.8806113334877105
42.75,0.8784941612358993
43.0,0.876376988984088
43.25,0.8747229481623605
43.5,0.873366634688544
43.75,0.871977240398293
44.0,0.8702570379436964
44.25,0.8682721889576234
44.5,0.8662873399715504
44.75,0.8647325415991266
45.0,0.8629792583280954
45.25,0.8612590558734989
45.5,0.8600350656654207
45.75,0.8584802672929968
46.0,0.8568593072877038
46.25,0.8551060240166727
46.5,0.8528565284991233
46.75,0.8502100631843593
47.0,0.8473981937874226
47.25,0.8450163750041351
47.5,0.8426014754044129
47.75,0.8403850607032982
48.0,0.8378709186542724
48.25,0.8352906149723774
48.5,0.8328426345562208
48.75,0.8301300076085878
49.0,0.8283436435211221
49.25,0.8267226835158291
49.5,0.8252340467762744
49.75,0.8238446524860233
50.0,0.8226537430943796
50.25,0.8211320255383902
50.5,0.8197757120645737
50.75,0.8185186410400609
51.0,0.8166330345032915
51.25,0.8144166198021767
51.5,0.8122994475503655
51.75,0.8106784875450725
52.0,0.8088921234576069
52.25,0.8073042442687486
52.5,0.8061464156935393
52.75,0.8057825267127593
53.0,0.8051870720169374
53.25,0.8038307585431208
53.5,0.8023421218035661
53.75,0.8008534850640114
54.0,0.7988355552615038
54.25,0.7971484336233418
54.5,0.7953951503523107
54.75,0.793906513612756
55.0,0.7924178768732012
55.25,0.790896159317212
55.5,0.7894406033940917
55.75,0.7880512091038406
56.0,0.7867941380793279
56.25,0.785669390320553
56.5,0.7850408548082967
56.75,0.7847762082768203
57.0,0.7841145919481293
57.25,0.7829898441893546
57.5,0.7818981772470144
57.75,0.7807734294882397
58.0,0.7798471666280724
58.25,0.7789209037679049
58.5,0.7780608025406067
58.75,0.7774653478447847
59.0,0.7767044890667901
59.25,0.7754804988587117
59.5,0.7740911045684608
59.75,0.7727017102782097
60.0,0.7707499421085713
60.25,0.7689635780211055
60.5,0.7669787290350326
60.75,0.7655893347447815
61.0,0.7647623143339178
61.25,0.763935293923054
61.5,0.7631082735121903
61.75,0.7617850408548084
62.0,0.7604618081974264
62.25,0.758940090641437
62.5,0.7569883224717986
62.75,0.7548049885871182
63.0,0.7528863012339144
63.25,0.7518607959244434
63.5,0.7507691289821032
63.75,0.7492804922425486
64.0,0.7484203910152503
64.25,0.7474610473386483
64.5,0.746898673459261
64.75,0.7459724105990936
65.0,0.7450461477389261
65.25,0.7443183697773661
65.5,0.7433590261007641
65.75,0.7425981673227695
66.0,0.7417049852790366
66.25,0.7408118032353038
66.5,0.7399186211915709
66.75,0.7386946309834926
67.0,0.7376360448575872
67.25,0.7365112970988124
67.5,0.7354196301564722
67.75,0.7344933672963049
68.0,0.7334678619868338
68.25,0.732210790962321
68.5,0.7310198815706772
68.75,0.7297297297297297
69.0,0.7282080121737405
69.25,0.7270171027820965
69.5,0.7258923550233221
69.75,0.7245029607330709
70.0,0.7237090211386417
70.25,0.7230143239935161
70.5,0.7225511925634324
70.75,0.7213602831717886
71.0,0.7203016970458831
71.25,0.7194085150021502
71.5,0.7184160905091137
71.75,0.7174898276489464
72.0,0.7170266962188626
72.25,0.7166297264216481
72.5,0.7162327566244334
72.75,0.7158027060107844
73.0,0.7153726553971351
73.25,0.7147772007013132
73.5,0.7138840186575804
73.75,0.7132885639617585
74.0,0.7125607860001985
74.25,0.7125607860001985
74.5,0.7121307353865493
74.75,0.7118330080386385
75.0,0.7109398259949055
75.25,0.7097819974196963
75.5,0.708855734559529
75.75,0.7082933606801415
76.0,0.7076979059843197
76.25,0.7069039663898905
76.5,0.7054814912832048
76.75,0.7044559859737338
77.0,0.7034966422971318
77.25,0.7024711369876608
77.5,0.7015448741274933
77.75,0.7004532071851534
78.0,0.6992953786099441
78.25,0.6984352773826459
78.5,0.6974097720731747
78.75,0.6965496708458764
79.0,0.69592113533362
79.25,0.6954249230871017
79.5,0.6939693671639816
79.75,0.692910781038076
80.0,0.6917860332793012
80.25,0.6908597704191339
80.5,0.689602699394621
80.75,0.6883787091865428
81.0,0.6872208806113335
81.25,0.685864567137517
81.5,0.6845744152965695
81.75,0.6836481524364021
82.0,0.6822918389625856
82.25,0.6809686063052036
82.5,0.6801415858943398
82.75,0.6790499189519996
83.0,0.6778590095603559
83.25,0.6767673426180157
83.5,0.6761718879221938
83.75,0.6757087564921102
84.0,0.6750802209798538
84.25,0.6734923417909954
84.5,0.671904462602137
84.75,0.670581229944755
85.0,0.6698534519831949
85.25,0.6691256740216348
85.5,0.668530219325813
85.75,0.6677031989149492
86.0,0.6669754209533891
86.25,0.6661484005425253
86.5,0.6659168348274835
86.75,0.6656191074795725
87.0,0.6657514307453107
87.25,0.6659168348274835
87.5,0.6660160772767871
87.75,0.6660491580932217
88.0,0.6662145621753945
88.25,0.6662807238082635
88.5,0.6660160772767871
88.75,0.6655198650302689
89.0,0.6650236527837506
89.25,0.6640973899235832
89.5,0.6640312282907141
89.75,0.6637665817592378
90.0,0.6632372886962851
90.25,0.6626087531840286
90.5,0.6619140560389031
90.75,0.6624433491018558
91.0,0.6629064805319396
91.25,0.6634688544113269
91.5,0.6635019352277615
91.75,0.663171127063416
92.0,0.6629064805319396
92.25,0.6629064805319396
92.5,0.6621456217539449
92.75,0.6617155711402957
93.0,0.6613847629759502
93.25,0.6609547123623011
93.5,0.6604254192993483
93.75,0.6595322372556155
94.0,0.6588706209269245
94.25,0.6584405703132753
94.5,0.6581097621489298
94.75,0.6572827417380661
95.0,0.6563895596943332
95.25,0.6558271858149459
95.5,0.6549009229547785
95.75,0.6538754176453074
96.0,0.6530153164180091
96.25,0.6523537000893181
96.5,0.6516920837606271
96.75,0.6512620331469781
97.0,0.6505011743689835
97.25,0.6498395580402925
97.5,0.6491117800787324
97.75,0.6484170829336068
98.0,0.6477223857884813
98.25,0.6468292037447484
98.5,0.646266829865361
98.75,0.6458367792517119
99.0,0.644943597207979
99.25,0.6445466274107645
99.5,0.6441496576135499
99.75,0.644215819246419
100.0,0.6444473849614608
100.25,0.6446458698600681
100.5,0.6453405670051936
100.75,0.6449105163915445
101.0,0.6444143041450263
101.25,0.6438519302656389
101.5,0.6437857686327698
101.75,0.6436865261834662
102.0,0.6437196069999007
102.25,0.6434880412848589
102.5,0.6433887988355552
102.75,0.6434218796519898
103.0,0.643554202917728
103.25,0.6436534453670316
103.5,0.643256475569817
103.75,0.6434218796519898
104.0,0.6434880412848589
104.25,0.643554202917728
104.5,0.643554202917728
104.75,0.6437526878163353
105.0,0.6441496576135499
105.25,0.644215819246419
105.5,0.6445135465943299
105.75,0.6444143041450263
106.0,0.6439511727149425
106.25,0.6433887988355552
106.5,0.6429256674054715
106.75,0.6423963743425188
107.0,0.6417016771973932
107.25,0.6413047074001786
107.5,0.6408084951536603
107.75,0.6403784445400112
108.0,0.6396506665784512
108.25,0.6391213735154984
108.5,0.638558999636111
108.75,0.6387905653511529
109.0,0.6393529392305402
109.25,0.6399153131099276
109.5,0.6403453637235766
109.75,0.6402792020907075
110.0,0.6403122829071421
110.25,0.6402792020907075
110.5,0.6400476363756658
110.75,0.6397829898441894
111.0,0.6389559694333256
111.25,0.638195110655331
111.5,0.6374011710609018
111.75,0.6367395547322108
112.0,0.6358463726884779
112.25,0.6350193522776142
112.5,0.6338946045188395
112.75,0.6325052102285884
113.0,0.6309834926725991
113.25,0.6298587449138244
113.5,0.6291971285851334
113.75,0.6284031889907042
114.0,0.6274438453141024
114.25,0.6266168249032386
114.5,0.6257898044923749
114.75,0.6246650567336002
115.0,0.6234741473419564
115.25,0.6222832379503126
115.5,0.6213238942737107
115.75,0.6207615203943233
116.0,0.6203976314135433
116.25,0.6204968738628469
116.5,0.620563035495716
116.75,0.6203976314135433
117.0,0.6202322273313705
117.25,0.6197360150848523
117.5,0.6193721261040722
117.75,0.6186443481425121
118.0,0.6180819742631248
118.25,0.6174865195673028
118.5,0.6168579840550464
118.75,0.6153031856826227
119.0,0.6139799530252407
119.25,0.6128221244500314
119.5,0.6117966191405604
119.75,0.610870356280393
120.0,0.6098779317873565
120.25,0.6089185881107546
120.5,0.6077938403519798
120.75,0.6065036885110324
121.0,0.6056766681001687
121.25,0.604915809322174
121.5,0.6041218697277448
121.75,0.6034602533990538
122.0,0.6028978795196666
122.25,0.6024016672731483
122.5,0.6023024248238447
122.75,0.6022362631909756
123.0,0.6021701015581065
123.25,0.6016738893115882
123.5,0.6013100003308082
123.75,0.6008799497171591
124.0,0.6007476264514208
124.25,0.6006083388032754
124.5,0.6004257590482739
124.75,0.6005638441378955
125.0,0.6006720131567133
125.25,0.600825463666561
125.5,0.600627332573477
125.75,0.6004168182870753
126.0,0.600192722433809
126.25,0.5993802860387927
126.5,0.598466190835245
126.75,0.5975813197355424
127.0,0.5967779284792748
127.25,0.5959636314593474
127.5,0.5950841906778259
127.75,0.5947379447991442
128.0,0.5945341861471923
128.25,0.5944321978593704
128.5,0.5944465185591257
